prompt,seed
a picture of a tench,1825
a picture of a tench,410
a picture of a tench,4507
a picture of a tench,4013
a picture of a tench,3658
a picture of a tench,2287
a picture of a tench,1680
a picture of a tench,8936
a picture of a tench,1425
a picture of a tench,9675
a picture of a tench,6913
a picture of a tench,521
a picture of a tench,489
a picture of a tench,1536
a picture of a tench,3583
a picture of a tench,3812
a picture of a tench,8280
a picture of a tench,9864
a picture of a tench,435
a picture of a tench,9196
a picture of a tench,3258
a picture of a tench,8929
a picture of a tench,6874
a picture of a tench,3612
a picture of a tench,7360
a picture of a tench,9655
a picture of a tench,4558
a picture of a tench,107
a picture of a tench,2616
a picture of a tench,6925
a picture of a tench,5575
a picture of a tench,4553
a picture of a tench,2548
a picture of a tench,3528
a picture of a tench,5515
a picture of a tench,1675
a picture of a tench,1520
a picture of a tench,6225
a picture of a tench,1585
a picture of a tench,5882
a picture of a tench,5636
a picture of a tench,9892
a picture of a tench,4334
a picture of a tench,712
a picture of a tench,7528
a picture of a tench,8786
a picture of a tench,2046
a picture of a tench,6202
a picture of a tench,1292
a picture of a tench,9045
a picture of a tench,4804
a picture of a tench,5926
a picture of a tench,9460
a picture of a tench,3151
a picture of a tench,1140
a picture of a tench,751
a picture of a tench,3734
a picture of a tench,4742
a picture of a tench,1308
a picture of a tench,3815
a picture of a tench,1655
a picture of a tench,6228
a picture of a tench,4555
a picture of a tench,7429
a picture of a tench,5978
a picture of a tench,2665
a picture of a tench,6066
a picture of a tench,5821
a picture of a tench,3433
a picture of a tench,4375
a picture of a tench,1170
a picture of a tench,9981
a picture of a tench,2804
a picture of a tench,8752
a picture of a tench,4011
a picture of a tench,2678
a picture of a tench,7574
a picture of a tench,6217
a picture of a tench,4423
a picture of a tench,9126
a picture of a tench,3599
a picture of a tench,5314
a picture of a tench,917
a picture of a tench,3753
a picture of a tench,526
a picture of a tench,5169
a picture of a tench,6573
a picture of a tench,4387
a picture of a tench,1085
a picture of a tench,3457
a picture of a tench,9293
a picture of a tench,5156
a picture of a tench,3484
a picture of a tench,8180
a picture of a tench,6483
a picture of a tench,7518
a picture of a tench,2341
a picture of a tench,4340
a picture of a tench,2288
a picture of a tench,4041
a picture of a tench,9198
a picture of a tench,8831
a picture of a tench,4305
a picture of a tench,9578
a picture of a tench,7020
a picture of a tench,9561
a picture of a tench,6544
a picture of a tench,5931
a picture of a tench,3594
a picture of a tench,2267
a picture of a tench,8349
a picture of a tench,8086
a picture of a tench,1490
a picture of a tench,772
a picture of a tench,1797
a picture of a tench,2505
a picture of a tench,2622
a picture of a tench,6917
a picture of a tench,9772
a picture of a tench,1041
a picture of a tench,6305
a picture of a tench,6253
a picture of a tench,9764
a picture of a tench,7669
a picture of a tench,8670
a picture of a tench,4120
a picture of a tench,9065
a picture of a tench,189
a picture of a tench,1877
a picture of a tench,8798
a picture of a tench,4372
a picture of a tench,5574
a picture of a tench,1828
a picture of a tench,4809
a picture of a tench,7124
a picture of a tench,2592
a picture of a tench,7434
a picture of a tench,54
a picture of a tench,4316
a picture of a tench,8202
a picture of a tench,2928
a picture of a tench,8318
a picture of a tench,1744
a picture of a tench,4890
a picture of a tench,8318
a picture of a tench,9978
a picture of a tench,3259
a picture of a tench,2505
a picture of a tench,6127
a picture of a tench,2647
a picture of a tench,8838
a picture of a tench,8690
a picture of a tench,10
a picture of a tench,9814
a picture of a tench,5311
a picture of a tench,8006
a picture of a tench,320
a picture of a tench,1833
a picture of a tench,5948
a picture of a tench,5039
a picture of a tench,3924
a picture of a tench,950
a picture of a tench,3947
a picture of a tench,9296
a picture of a tench,1291
a picture of a tench,1404
a picture of a tench,7963
a picture of a tench,1134
a picture of a tench,8728
a picture of a tench,2061
a picture of a tench,2104
a picture of a tench,7788
a picture of a tench,9008
a picture of a tench,2706
a picture of a tench,4343
a picture of a tench,8646
a picture of a tench,9939
a picture of a tench,6933
a picture of a tench,3471
a picture of a tench,8836
a picture of a tench,3296
a picture of a tench,5108
a picture of a tench,6538
a picture of a tench,6119
a picture of a tench,7178
a picture of a tench,8480
a picture of a tench,7398
a picture of a tench,1983
a picture of a tench,4062
a picture of a tench,3682
a picture of a tench,1050
a picture of a tench,5540
a picture of a tench,345
a picture of a tench,9639
a picture of a tench,9076
a picture of a tench,3771
a picture of a tench,9642
a picture of a tench,3609
a picture of a tench,118
a picture of a tench,1164
a picture of a tench,965
a picture of a tench,3751
a picture of a tench,1105
a picture of a tench,515
a picture of a tench,5414
a picture of a tench,1161
a picture of a tench,8424
a picture of a tench,3900
a picture of a tench,4563
a picture of a tench,7954
a picture of a tench,3511
a picture of a tench,8835
a picture of a tench,2168
a picture of a tench,9356
a picture of a tench,9441
a picture of a tench,7745
a picture of a tench,3982
a picture of a tench,7750
a picture of a tench,6670
a picture of a tench,3120
a picture of a tench,1546
a picture of a tench,1589
a picture of a tench,7063
a picture of a tench,5805
a picture of a tench,6940
a picture of a tench,6736
a picture of a tench,7652
a picture of a tench,888
a picture of a tench,1613
a picture of a tench,994
a picture of a tench,6597
a picture of a tench,5560
a picture of a tench,1791
a picture of a tench,4074
a picture of a tench,3140
a picture of a tench,3117
a picture of a tench,8787
a picture of a tench,7351
a picture of a tench,2297
a picture of a tench,6913
a picture of a tench,3007
a picture of a tench,4564
a picture of a tench,7580
a picture of a tench,4093
a picture of a tench,1236
a picture of a tench,7261
a picture of a tench,9017
a picture of a tench,1605
a picture of a tench,829
a picture of a tench,8857
a picture of a tench,242
a picture of a tench,1529
a picture of a tench,3873
a picture of a tench,2725
a picture of a tench,6659
a picture of a tench,7957
a picture of a tench,7887
a picture of a tench,3503
a picture of a tench,6571
a picture of a tench,961
a picture of a tench,2698
a picture of a tench,6210
a picture of a tench,36
a picture of a tench,6397
a picture of a tench,4346
a picture of a tench,7455
a picture of a tench,4674
a picture of a tench,6931
a picture of a tench,9106
a picture of a tench,7974
a picture of a tench,2537
a picture of a tench,3112
a picture of a tench,4862
a picture of a tench,3567
a picture of a tench,959
a picture of a tench,9490
a picture of a tench,8884
a picture of a tench,999
a picture of a tench,5139
a picture of a tench,937
a picture of a tench,822
a picture of a tench,9572
a picture of a tench,7812
a picture of a tench,8239
a picture of a tench,8702
a picture of a tench,2580
a picture of a tench,932
a picture of a tench,8321
a picture of a tench,1313
a picture of a tench,3045
a picture of a tench,1123
a picture of a tench,9750
a picture of a tench,1114
a picture of a tench,3854
a picture of a tench,6616
a picture of a tench,1965
a picture of a tench,9334
a picture of a tench,4034
a picture of a tench,9486
a picture of a tench,9741
a picture of a tench,652
a picture of a tench,1344
a picture of a tench,6869
a picture of a tench,9563
a picture of a tench,9261
a picture of a tench,8566
a picture of a tench,5184
a picture of a tench,4273
a picture of a tench,3347
a picture of a tench,5148
a picture of a tench,3911
a picture of a tench,4352
a picture of a tench,6485
a picture of a tench,2145
a picture of a tench,4916
a picture of a tench,7492
a picture of a tench,5181
a picture of a tench,1189
a picture of a tench,153
a picture of a tench,7509
a picture of a tench,9225
a picture of a tench,1639
a picture of a tench,1201
a picture of a tench,8809
a picture of a tench,3493
a picture of a tench,8289
a picture of a tench,4346
a picture of a tench,2171
a picture of a tench,5719
a picture of a tench,1128
a picture of a tench,4003
a picture of a tench,6055
a picture of a tench,4670
a picture of a tench,2585
a picture of a tench,7180
a picture of a tench,8901
a picture of a tench,4957
a picture of a tench,8667
a picture of a tench,129
a picture of a tench,9087
a picture of a tench,4906
a picture of a tench,1698
a picture of a tench,2201
a picture of a tench,4334
a picture of a tench,1892
a picture of a tench,1754
a picture of a tench,9065
a picture of a tench,2547
a picture of a tench,4463
a picture of a tench,4617
a picture of a tench,9910
a picture of a tench,3451
a picture of a tench,5618
a picture of a tench,3336
a picture of a tench,4326
a picture of a tench,8281
a picture of a tench,8005
a picture of a tench,4115
a picture of a tench,833
a picture of a tench,1513
a picture of a tench,6940
a picture of a tench,4534
a picture of a tench,723
a picture of a tench,59
a picture of a tench,5465
a picture of a tench,2144
a picture of a tench,4292
a picture of a tench,2648
a picture of a tench,7240
a picture of a tench,9039
a picture of a tench,7008
a picture of a tench,9190
a picture of a tench,159
a picture of a tench,1833
a picture of a tench,1233
a picture of a tench,2443
a picture of a tench,8939
a picture of a tench,591
a picture of a tench,6050
a picture of a tench,9544
a picture of a tench,9053
a picture of a tench,2427
a picture of a tench,7042
a picture of a tench,2089
a picture of a tench,686
a picture of a tench,5051
a picture of a tench,5975
a picture of a tench,654
a picture of a tench,5863
a picture of a tench,3442
a picture of a tench,4089
a picture of a tench,1685
a picture of a tench,5795
a picture of a tench,9174
a picture of a tench,6659
a picture of a tench,2533
a picture of a tench,3879
a picture of a tench,2663
a picture of a tench,2901
a picture of a tench,6756
a picture of a tench,407
a picture of a tench,2939
a picture of a tench,5443
a picture of a tench,6746
a picture of a tench,4066
a picture of a tench,4372
a picture of a tench,2609
a picture of a tench,1772
a picture of a tench,6268
a picture of a tench,635
a picture of a tench,7712
a picture of a tench,3645
a picture of a tench,3270
a picture of a tench,7542
a picture of a tench,5729
a picture of a tench,5001
a picture of a tench,3729
a picture of a tench,3653
a picture of a tench,388
a picture of a tench,3165
a picture of a tench,6529
a picture of a tench,5379
a picture of a tench,4565
a picture of a tench,1138
a picture of a tench,4574
a picture of a tench,5754
a picture of a tench,8347
a picture of a tench,6549
a picture of a tench,8786
a picture of a tench,5426
a picture of a tench,453
a picture of a tench,1890
a picture of a tench,4280
a picture of a tench,2926
a picture of a tench,9513
a picture of a tench,4350
a picture of a tench,627
a picture of a tench,1777
a picture of a tench,9775
a picture of a tench,7120
a picture of a tench,5664
a picture of a tench,5140
a picture of a tench,7150
a picture of a tench,9933
a picture of a tench,8380
a picture of a tench,1895
a picture of a tench,6312
a picture of a tench,9447
a picture of a tench,3115
a picture of a tench,4174
a picture of a tench,728
a picture of a tench,7145
a picture of a tench,28
a picture of a tench,8519
a picture of a tench,8822
a picture of a tench,3229
a picture of a tench,5968
a picture of a tench,7067
a picture of a tench,1147
a picture of a tench,5410
a picture of a tench,5144
a picture of a tench,2042
a picture of a tench,4921
a picture of a tench,8309
a picture of a tench,5068
a picture of a tench,6692
a picture of a tench,5345
a picture of a tench,6593
a picture of a tench,4845
a picture of a tench,9084
a picture of a tench,2086
a picture of a tench,3144
a picture of a tench,6889
a picture of a tench,6212
a picture of a tench,2852
a picture of a tench,9325
a picture of a tench,4931
a picture of a tench,6654
a picture of a tench,8978
a picture of a tench,7
a picture of a tench,4979
a picture of a tench,4701
a picture of a tench,3444
a picture of a tench,7044
a picture of a tench,9503
a picture of a tench,9940
a picture of a tench,5280
a picture of a tench,7619
a picture of a tench,7239
a picture of a tench,7245
a picture of a tench,3502
a picture of a tench,8376
a picture of a tench,7753
a picture of a tench,2781
a picture of a tench,1390
a picture of a tench,4650
a picture of a tench,8446
a picture of a tench,5492
a picture of a tench,1531
a picture of a tench,3849
